{
    "logic": "Ratchet",
    "bounds": [
        5,
        6,
        6,
        13
    ],
    "weights": [
        [
            1,
            5,
            6,
            27,
            61
        ],
        [
            1,
            0,
            69,
            13,
            17
        ],
        [
            53,
            30,
            0,
            15,
            2
        ],
        [
            2,
            1,
            4,
            0,
            93
        ],
        [
            4,
            0,
            0,
            81,
            15
        ]
    ],
    "sma": 148,
    "ema": 125,
    "use_sma": true,
    "use_ema": true,
    "target_tier": 3,
    "fitness": 1.379139498355856,
    "multiplier": 22.55558006551949
}